﻿<?xml version="1.0" encoding="utf-8"?>
<base xmlns:xsi="http://www.w3.org/2001/XMLSchema-instance"
    xmlns:xsd="http://www.w3.org/2001/XMLSchema" type="string">
    <tags>
        <tag language="pirate" />
    </tags>
    <strings>
        <UINotes text="Captain's Log: " />
        <UICauseOfDeath text="Captain's Log: " />

        <FunnyNote text="Landlubber." />
        <FunnyNote text="Still getting their sea legs." />

        <DeathBludgeoning text="Bludgeoned to death." />

        <DeathGravity text="Walked the plank, matey." />

        <DeathBlast text="Messed with the powder keg." />

        <DeathStrangulation text="Strangled to death." />

        <DeathSuffocation text="Suffocated to death." />

        <DeathMauling text="Mauled to death." />

        <DeathGunshots text="Filled to the brim with buckshot, matey." />

        <DeathCrushing text="Crushed to death." />

        <DeathDrowning text="Drowned to death." />
        <DeathDrowning text="Got sent to Davey Jones's Locker." />

        <DeathAbandoned text="Marooned." />

        <DeathElectrocution text="Electrocuted to death." />

        <DeathKicking text="Kicked to death." />

        <DeathEnemyBracken text="Had their neck snapped by a Bracken." />
        <DeathEnemyBracken text="Stared at a Bracken too long." />

        <DeathEnemyEyelessDog text="Was eaten by an Eyeless Dog." />
        <DeathEnemyEyelessDog text="Got caught using a mechanical keyboard." />
        <DeathEnemyEyelessDog text="Wasn't quiet around an Eyeless Dog." />

        <DeathEnemyForestGiant text="Swallowed whole by a Forest Giant." />

        <DeathEnemyCircuitBees text="Electro-stung to death by Circuit Bees." />

        <DeathEnemyGhostGirl text="Lost their mind at sea." />

        <DeathEnemyEarthLeviathan text="Swallowed whole by an Earth Leviathan." />

        <DeathEnemyBaboonHawk text="Was eaten by a Baboon Hawk." />
        <DeathEnemyBaboonHawk text="Was mauled by a Baboon Hawk." />

        <DeathEnemyJester text="Mauled to death by a Jester." />
        <DeathEnemyJester text="Was the butt of the Jester's joke." />
        <DeathEnemyJester text="Got pranked by the Jester." />
        <DeathEnemyJester text="Got popped like a weasel." />

        <DeathEnemyCoilHead text="Mauled to death by a Coil Head." />
        <DeathEnemyCoilHead text="Got in a staring contest with a Coil Head." />
        <DeathEnemyCoilHead text="Lost a staring contest with a Coil Head." />

        <DeathEnemySnareFlea text="Was suffocated by a Snare Flea." />

        <DeathEnemyHygrodere text="Was absorbed by a Hygrodere." />
        <DeathEnemyHygrodere text="Got lost in the sauce." />
        <DeathEnemyHygrodere text="Had an oopsie with a Hygrodere." />

        <DeathEnemyHoarderBug text="Was mauled by a Hoarder Bug." />
        <DeathEnemyHoarderBug text="Was swarmed by a Hoarder Bug." />
        <DeathEnemyHoarderBug text="Was hoarded by a Hoarder Bug." />
        <DeathEnemyHoarderBug text="Tried to steal from a Hoarder Bug." />

        <DeathEnemySporeLizard text="Was bitten by a Spore Lizard." />
        <DeathEnemySporeLizard text="Was puffed by a Spore Lizard." />

        <DeathEnemyBunkerSpider text="Ensnared in the Bunker Spider's web." />

        <DeathEnemyThumper text="Was ravaged by a Thumper." />
        <DeathEnemyThumper text="Got thumped by a Thumper." />

        <DeathEnemyMaskedPlayerWear text="Donned the Mask." />
        <DeathEnemyMaskedPlayerWear
            text="Nobody cared who they were until they put on the Mask." />

        <DeathEnemyMaskedPlayerVictim text="Was killed by a Masked coworker." />
        <DeathEnemyMaskedPlayerVictim text="Became a tragedy at the hands of the Mask." />

        <DeathEnemyNutcrackerKicked text="Was kicked to death by a Nutcracker." />
        <DeathEnemyNutcrackerKicked text="Got their nuts cracked by a Nutcracker." />

        <DeathEnemyNutcrackerShot text="Got shot by a Nutcracker." />
        <DeathEnemyNutcrackerShot text="Was at the wrong end of a 21-gun salute." />

        <DeathPlayerJetpackGravity text="Fell while using a jetpack." />
        <DeathPlayerJetpackGravity text="Flew too close to the sun." />
        <DeathPlayerJetpackGravity text="Ran out of fuel." />

        <DeathPlayerJetpackBlast text="Blew up while using a Jetpack." />
        <DeathPlayerJetpackBlast text="Turned into a firework." />

        <DeathPlayerMurderMelee text="Was bludgeoned to death in a mutiny." />
        <DeathPlayerMurderMelee text="Was the victim of a mutiny." />
        <DeathPlayerMurderMelee text="Got mutinied." />

        <DeathPlayerMurderShotgun text="Was shot to death in a mutiny." />
        <DeathPlayerMurderShotgun text="Was the victim of a mutiny." />
        <DeathPlayerMurderShotgun text="Got mutinied." />

        <DeathPlayerLadder text="Got crushed by a Laddarr." />
        <DeathPlayerLadder text="Was squashed by a Laddarr." />

        <DeathPlayerQuicksand text="Got stuck in quicksand." />
        <DeathPlayerQuicksand text="Drowned in quicksand." />

        <DeathPlayerStunGrenade text="Got flashbanged by a coworker." />
        <DeathPlayerStunGrenade text="Was the victim of a murder." />

        <DeathOtherItemDropship text="Was crushed by the Item Dropship." />
        <DeathOtherItemDropship text="Couldn't wait for their items." />
        <DeathOtherItemDropship text="Got too impatient for their items." />

        <DeathOtherDepositItemsDesk text="Received a demotion." />
        <DeathOtherDepositItemsDesk text="Was put on disciplinary leave." />

        <DeathOtherLandmine text="Stepped on a landmine." />

        <DeathOtherTurret text="Got shot by a cannon." />

        <DeathOtherLightning text="Was struck by lightning." />

        <DeathUnknown text="Died somehow." />
        <DeathUnknown text="Most sincerely dead." />
        <DeathUnknown text="Expired in an inexplicable manner." />
    </strings>
</base>